/*

INSERE DADOS A TABLE PESSOA NO BANCO DE DADOS

*/


INSERT INTO PESSOA 
(CELULAR, CPF, DATA_CRIACAO, EMAIL, FOTO, NOME, SEXO, TELEFONE)  
VALUES 
('(47) 55228-5502', '000.482.000-22', NOW(), 'teste@email.com', 'URL-FOTO-CLIENTE', 'Gabriel Filippi', 'm', '(47) 22286-3820' );

INSERT INTO PESSOA 
(CELULAR, CPF, DATA_CRIACAO, EMAIL, FOTO, NOME, SEXO, TELEFONE)  
VALUES 
('(47) 58529-0021', '000.000.000-22', NOW(), 'email@teste.com', 'URL-FOTO-CLIENTE', 'GERSON SMITH', 'm', '(47) 98536-5286' );

INSERT INTO PESSOA 
(CELULAR, CPF, DATA_CRIACAO, EMAIL, FOTO, NOME, SEXO, TELEFONE)  
VALUES 
('(47) 4534-5032', '220.000.000-22', NOW(), 'adriana@email.com', 'URL-FOTO-CLIENTE', 'ADRIANA MARTINS', 'f', '(47) 98536-5286' );

INSERT INTO PESSOA 
(CELULAR, CPF, DATA_CRIACAO, EMAIL, FOTO, NOME, SEXO, TELEFONE)  
VALUES 
('(47) 55449-0545', '000.550.060-22', NOW(), 'leoncio@email.com', 'URL-FOTO-CLIENTE', 'LEONCIO', 'm', '(47) 98536-5286' );


INSERT INTO PESSOA 
(CELULAR, CPF, DATA_CRIACAO, EMAIL, FOTO, NOME, SEXO, TELEFONE)  
VALUES 
('(47) 69249-0545', '390.550.239-29', NOW(), 'jailson@email.com', 'URL-FOTO-CLIENTE', 'JAILSON', 'm', '(47) 29225-3192' );

INSERT INTO PESSOA 
(CELULAR, CPF, DATA_CRIACAO, EMAIL, FOTO, NOME, SEXO, TELEFONE)  
VALUES 
('(47) 69249-0545', '390.550.239-29', NOW(), 'cleber@email.com', 'URL-FOTO-CLIENTE', 'CLEBER', 'm', '(47) 29225-3192' );

/*

INSERE DADOS A TABLE USUARIO NO BANCO DE DADOS

*/

INSERT INTO USUARIO
(LOGIN, PERMISSAO, SENHA, ULTIMO_ACESSO, ULTIMO_IP)
VALUES 
('gabriel', 'ROLE_CLIENTE', '$2a$10$hrE1/x/257oTCvcqbOxCSelo0xXRJeHSbYVq0xHKweoNRIeOc9HgK', now(), '4554656564asd2' );
INSERT INTO USUARIO
(LOGIN, PERMISSAO, SENHA, ULTIMO_ACESSO, ULTIMO_IP)  
VALUES 
('gersonsmith', 'ROLE_CLIENTE', '$2a$10$hrE1/x/257oTCvcqbOxCSelo0xXRJeHSbYVq0xHKweoNRIeOc9HgK', now(), '455465653fs3r64asd2' );
INSERT INTO USUARIO
(LOGIN, PERMISSAO, SENHA, ULTIMO_ACESSO, ULTIMO_IP)  
VALUES 
('adriana', 'ROLE_CLIENTE', '$2a$10$hrE1/x/257oTCvcqbOxCSelo0xXRJeHSbYVq0xHKweoNRIeOc9HgK', now(), '45a235465656asdf4asd2' );
INSERT INTO USUARIO
(LOGIN, PERMISSAO, SENHA, ULTIMO_ACESSO, ULTIMO_IP)  
VALUES 
('leoncio', 'ROLE_CLIENTE', '$2a$10$hrE1/x/257oTCvcqbOxCSelo0xXRJeHSbYVq0xHKweoNRIeOc9HgK', now(), '45546356fasdf564asd2' );
INSERT INTO USUARIO
(LOGIN, PERMISSAO, SENHA, ULTIMO_ACESSO, ULTIMO_IP)  
VALUES 
('jailson', 'ROLE_PROFISSIONAL', '$2a$10$hrE1/x/257oTCvcqbOxCSelo0xXRJeHSbYVq0xHKweoNRIeOc9HgK', now(), '45546356fasdf564asd2' ); /* profissional */
INSERT INTO USUARIO
(LOGIN, PERMISSAO, SENHA, ULTIMO_ACESSO, ULTIMO_IP)  
VALUES 
('cleber', 'ROLE_PROFISSIONAL', '$2a$10$hrE1/x/257oTCvcqbOxCSelo0xXRJeHSbYVq0xHKweoNRIeOc9HgK', now(), '45546356fasdf564asd2' ); /* profissional */



/*

INSERE DADOS A TABLE ENDERECO

*/

INSERT INTO ENDERECO(ID, CEP, LOGRADOURO, NUMERO, COMPLEMENTO, BAIRRO, LOCALIDADE) VALUES (1, '89392-000', 'Xv de Novembro', '7115', 'Floricultura Filippi', 'Vila Nova', 'Joinville-SC');
INSERT INTO ENDERECO(ID, CEP, LOGRADOURO, NUMERO, COMPLEMENTO, BAIRRO, LOCALIDADE) VALUES (2, '89391-000', 'Rua Liexs', '096', 'ap', 'Centro', 'Joinville-SC');
INSERT INTO ENDERECO(ID, CEP, LOGRADOURO, NUMERO, COMPLEMENTO, BAIRRO, LOCALIDADE) VALUES (3, '89000-000', 'Rua Visconde de Taunay', '053', 'casa', 'Centro', 'Joinville-SC');
INSERT INTO ENDERECO(ID, CEP, LOGRADOURO, NUMERO, COMPLEMENTO, BAIRRO, LOCALIDADE) VALUES (4, '89059-000', 'Rua Blumenau', '053', 'casa', 'Centro', 'Joinville-SC');

/*

INSERE DADOS A TABLE CLIENTE NO BANCO DE DADOS

*/

INSERT INTO CLIENTE(ID, PESSOA_ID, USUARIO_ID, ENDERECO_ID, DATA_CRIACAO) VALUES (1, 1, 1, 1, NOW());
INSERT INTO CLIENTE(ID, PESSOA_ID, USUARIO_ID, ENDERECO_ID, DATA_CRIACAO) VALUES (2, 2, 2, 2,  NOW());
INSERT INTO CLIENTE(ID, PESSOA_ID, USUARIO_ID, ENDERECO_ID, DATA_CRIACAO) VALUES (3, 3, 3, 3, NOW());
INSERT INTO CLIENTE(ID, PESSOA_ID, USUARIO_ID, ENDERECO_ID, DATA_CRIACAO) VALUES (4, 4, 4, 4, NOW());


/*

INSERE DADOS A TABLE PROFISSIONAL

*/

INSERT INTO PROFISSIONAL(ID, DATA_CRIACAO, DATA_MODIFICACAO, STATUS_ATIVACAO, PESSOA_ID, USUARIO_ID) VALUES (1, NOW(), NOW(), 0, 5, 5);

INSERT INTO PROFISSIONAL(ID, DATA_CRIACAO, DATA_MODIFICACAO, STATUS_ATIVACAO, PESSOA_ID, USUARIO_ID) VALUES (2, NOW(), NOW(), 0, 6, 6);

/*

INSERE DADOS A TABLE AGENDA

*/
INSERT INTO AGENDA(ID, PROFISSIONAL_ID, TITULO, DESCRICAO, DATA_INICIO, DATA_FINAL) VALUES (1, 1, 'INSTALAÇÃO ELETRICA', 'DESCRICAO', '2020-12-10 08:00:00', '2020-12-10 11:30:00');
INSERT INTO AGENDA(ID, PROFISSIONAL_ID, TITULO, DESCRICAO, DATA_INICIO, DATA_FINAL) VALUES (2, 1, 'MANUTENÇÃO DA REDE DE ESGOTO', 'DESCRICAO', '2020-12-01 08:00:00', '2020-12-01 12:30:00');
INSERT INTO AGENDA(ID, PROFISSIONAL_ID, TITULO, DESCRICAO, DATA_INICIO, DATA_FINAL) VALUES (3, 1, 'PORDAR ARVORES', 'DESCRICAO', '2020-12-01 14:00:00', '2020-12-01 17:30:00');

INSERT INTO AGENDA(ID, PROFISSIONAL_ID, TITULO, DESCRICAO, DATA_INICIO, DATA_FINAL) VALUES (4, 2, 'LIMPEZA DE CALÇADA', 'DESCRICAO', '2020-12-10 08:00:00', '2020-12-10 11:30:00');


/*

INSERE DADOS A TABLE ORÇAMENTOS

*/

INSERT INTO ORCAMENTO(ID, CLIENTE_ID, PAGAMENTO_ID, PROFISSIONAL_ID, DATA_CRIACAO, DATA_VALIDADE, DATA_AGENDAMENTO, STATUS, DESCRICAO, TOTAL_ORCAMENTO) VALUES (1, 1, NULL, 1, NOW(), NOW(), NOW(), 0, 'LIMPEZA DE TELHADO', 300.50);
INSERT INTO ORCAMENTO(ID, CLIENTE_ID, PAGAMENTO_ID, PROFISSIONAL_ID, DATA_CRIACAO, DATA_VALIDADE, DATA_AGENDAMENTO, STATUS, DESCRICAO, TOTAL_ORCAMENTO) VALUES (2, 2, NULL, 1, NOW(), NOW(), NOW(), 1, 'PLANTAR GRAMA', 1598.90);
INSERT INTO ORCAMENTO(ID, CLIENTE_ID, PAGAMENTO_ID, PROFISSIONAL_ID, DATA_CRIACAO, DATA_VALIDADE, DATA_AGENDAMENTO, STATUS, DESCRICAO, TOTAL_ORCAMENTO) VALUES (3, 3, NULL, 1, NOW(), NOW(), NOW(), 2, 'TROCA DE CABO DE REDE', 150);

/*

INSERE DADOS A TABLE ITENS_ORCAMENTO

*/

INSERT INTO ITENS_ORCAMENTO (ID, DATA_CRIACAO, NOME, QUANTIDADE, VALOR_TOTAL, VALOR_UNITARIO, ORCAMENTO_ID) VALUES (1, NOW(), 'Produtos Para Limpeza', 1, 100.50, 100.50, 1);
INSERT INTO ITENS_ORCAMENTO (ID, DATA_CRIACAO, NOME, QUANTIDADE, VALOR_TOTAL, VALOR_UNITARIO, ORCAMENTO_ID) VALUES (2, NOW(), 'Mão de Obra', 1, 200.00, 200.00, 1);


INSERT INTO ITENS_ORCAMENTO (ID, DATA_CRIACAO, NOME, QUANTIDADE, VALOR_TOTAL, VALOR_UNITARIO, ORCAMENTO_ID) VALUES (3, NOW(), 'Grama', 90, 9.49, 854.10, 2);
INSERT INTO ITENS_ORCAMENTO (ID, DATA_CRIACAO, NOME, QUANTIDADE, VALOR_TOTAL, VALOR_UNITARIO, ORCAMENTO_ID) VALUES (4, NOW(), 'Terra Adubada', 2.5, 122.40, 244.80, 2);
INSERT INTO ITENS_ORCAMENTO (ID, DATA_CRIACAO, NOME, QUANTIDADE, VALOR_TOTAL, VALOR_UNITARIO, ORCAMENTO_ID) VALUES (5, NOW(), 'Mão de Obra', 1, 500, 500, 2);

INSERT INTO ITENS_ORCAMENTO (ID, DATA_CRIACAO, NOME, QUANTIDADE, VALOR_TOTAL, VALOR_UNITARIO, ORCAMENTO_ID) VALUES (6, NOW(), 'Cabo + Conector', 1, 25.00, 25.00, 3);
/*

INSERE DADOS A TABLE FAVORITOS

*/

INSERT INTO FAVORITO(ID, CLIENTE_ID, PROFISSIONAL_ID, DATA_CRIACAO) VALUES (1, 1, 1, NOW());

/*

INSERE DADOS A TABLE CERTIFICACAO

*/

INSERT INTO CERTIFICACAO (ID, PROFISSIONAL_ID, DESCRICAO, NOME, VERIFICADO) VALUES (1, 1, 'No mercado de trabalho, o engenheiro eletricista pode atuar em concessionárias de energia, indústrias, consultorias, empresas prestadoras de serviços e no setor público.
O profissional da Engenharia Elétrica pode também fiscalizar e periciar obras e serviços dentro de sua área de conhecimento, assim como exercer funções de ensino e pesquisa. Atua, inclusive, com informática e sistemas e redes de comunicação e telecomunicações com e sem fio.', 'Elétrica Residencial', 1);

/*

INSERE DADOS A TABLE HABILIDADE

*/

INSERT INTO HABILIDADE (ID, PROFISSIONAL_ID, DESCRICAO, NOME) VALUES (1, 1, 'Passagens de Cabos de rede, eletricos, telefonia e etc.', 'Troca de Cabeamento');
INSERT INTO HABILIDADE (ID, PROFISSIONAL_ID, DESCRICAO, NOME) VALUES (2, 1, 'Instalação/Manutenção de Ar condicionado de diversas marcas', 'Instalação de Ar Condicionado');
